Adobe Blank,,/Skip/Stroke Width,100
Alumni Sans Collegiate One,,/Skip/Stroke Width,100
Akronim,,/Skip/Stroke Width,100
Bitcount Prop Single Ink,,/Skip/Stroke Width,100
Bitcount Single Ink,,/Skip/Stroke Width,100
Black And White Picture,,/Skip/Stroke Width,100
Blaka Hollow,,/Skip/Stroke Width,100
Blaka Ink,,/Skip/Stroke Width,100
Bonbon,,/Skip/Stroke Width,100
Bungee Color,,/Skip/Stroke Width,100
Bungee Shade,,/Skip/Stroke Width,100
Bungee Spice,,/Skip/Stroke Width,100
Bungee Tint,,/Skip/Stroke Width,100
Cabin Sketch,,/Skip/Stroke Width,100
Comforter Brush,,/Skip/Stroke Width,100
Coral Pixels,,/Skip/Stroke Width,100
Eater,,/Skip/Stroke Width,100
Edu Australia VIC WA NT Hand Arrows,,/Skip/Stroke Width,100
Edu Australia VIC WA NT Hand Dots,,/Skip/Stroke Width,100
Edu SA Dotted Hand Guidelines,,/Skip/Stroke Width,100
Ewert,,/Skip/Stroke Width,100
Fascinate Inline,,/Skip/Stroke Width,100
Faster One,,/Skip/Stroke Width,100
Flavors,,/Skip/Stroke Width,100
Flow Block,,/Skip/Stroke Width,100
Flow Circular,,/Skip/Stroke Width,100
Flow Rounded,,/Skip/Stroke Width,100
Foldit,,/Skip/Stroke Width,100
Fredericka the Great,,/Skip/Stroke Width,100
Frijole,,/Skip/Stroke Width,100
Honk,,/Skip/Stroke Width,100
Island Moments,,/Skip/Stroke Width,100
Jacquard 12 Charted,,/Skip/Stroke Width,100
Jersey 15 Charted,,/Skip/Stroke Width,100
Jacquard 24 Charted,,/Skip/Stroke Width,100
Jacquarda Bastarda 9 Charted,,/Skip/Stroke Width,100
Jersey 10 Charted,,/Skip/Stroke Width,100
Jersey 20 Charted,,/Skip/Stroke Width,100
Jersey 25 Charted,,/Skip/Stroke Width,100
jsMath cmex10,,/Skip/Stroke Width,100
jsMath cmsy10,,/Skip/Stroke Width,100
Kalnia Glaze,,/Skip/Stroke Width,100
Libre Barcode 128 Text,,/Skip/Stroke Width,100
Libre Barcode 128,,/Skip/Stroke Width,100
Libre Barcode 39 Extended Text,,/Skip/Stroke Width,100
Libre Barcode 39 Text,,/Skip/Stroke Width,100
Libre Barcode 39,,/Skip/Stroke Width,100
Libre Barcode EAN13 Text,,/Skip/Stroke Width,100
Linefont,,/Skip/Stroke Width,100
Love Ya Like A Sister,,/Skip/Stroke Width,100
Micro 5 Charted,,/Skip/Stroke Width,100
Moo Lah Lah,,/Skip/Stroke Width,100
Monofett,,/Skip/Stroke Width,100
Mrs Sheppards,,/Skip/Stroke Width,100
Nabla,,/Skip/Stroke Width,100
Noto Color Emoji,,/Skip/Stroke Width,100
Noto Emoji Color,,/Skip/Stroke Width,100
Noto Emoji,,/Skip/Stroke Width,100
Noto Sans Symbols 2,,/Skip/Stroke Width,100
Noto Sans Symbols,,/Skip/Stroke Width,100
Palette Mosaic,,/Skip/Stroke Width,100
Plaster,,/Skip/Stroke Width,100
Playwrite Argentina Guides,,/Skip/Stroke Width,100
Playwrite Ã–sterreich Guides,,/Skip/Stroke Width,100
Protest Revolution,,/Skip/Stroke Width,100
Rampart One,,/Skip/Stroke Width,100
Redacted,,/Skip/Stroke Width,100
Redacted Script,,/Skip/Stroke Width,100
Road Rage,,/Skip/Stroke Width,100
Rubik 80s Fade,,/Skip/Stroke Width,100
Rubik Beastly,,/Skip/Stroke Width,100
Rubik Broken Fax,,/Skip/Stroke Width,100
Rubik Burned,,/Skip/Stroke Width,100
Rubik Dirt,,/Skip/Stroke Width,100
Rubik Distressed,,/Skip/Stroke Width,100
Rubik Doodle Triangles,,/Skip/Stroke Width,100
Rubik Gemstones,,/Skip/Stroke Width,100
Rubik Glitch Pop,,/Skip/Stroke Width,100
Rubik Glitch,,/Skip/Stroke Width,100
Rubik Iso,,/Skip/Stroke Width,100
Rubik Lines,,/Skip/Stroke Width,100
Rubik Maps,,/Skip/Stroke Width,100
Rubik Marker Hatch,,/Skip/Stroke Width,100
Rubik Maze,,/Skip/Stroke Width,100
Rubik Microbe,,/Skip/Stroke Width,100
Rubik Moonrocks,,/Skip/Stroke Width,100
Rubik Pixels,,/Skip/Stroke Width,100
Rubik Puddles,,/Skip/Stroke Width,100
Rubik Scribble,,/Skip/Stroke Width,100
Rubik Spray Paint,,/Skip/Stroke Width,100
Rubik Storm,,/Skip/Stroke Width,100
Rubik Vinyl,,/Skip/Stroke Width,100
Rye,,/Skip/Stroke Width,100
Sankofa Display,,/Skip/Stroke Width,100
Splash,,/Skip/Stroke Width,100
Vast Shadow,,/Skip/Stroke Width,100
Water Brush,,/Skip/Stroke Width,100
Wavefont,,/Skip/Stroke Width,100
Yarndings 12 Charted,,/Skip/Stroke Width,100
Yarndings 12,,/Skip/Stroke Width,100
Yarndings 20 Charted,,/Skip/Stroke Width,100
Yarndings 20,,/Skip/Stroke Width,100
Yuji Boku,,/Skip/Stroke Width,100
Zilla Slab Highlight,,/Skip/Stroke Width,100